seq_start;seq_end;seq_range;type;description
1;1;1;PROG;
9;11;9-11;DATA;TOPOLINO
12;14;12-14;DATA;VW1200
15;17;15-17;DATA;PORSCHE_AV
18;20;18-20;DATA;PORSCHE_AR
21;27;21-27;DATA;EINSTEIN_2
29;33;29-33;DATA;EINSTEIN_TIME
34;41;34-41;DATA;JEAN00
42;46;42-46;DATA;JEEP
47;52;47-52;DATA;JFK_NEW
53;61;53-61;DATA;MONTY FATHER
62;66;62-66;DATA;MONTY HEAD
67;73;67-73;DATA;492P
74;85;74-85;DATA;COWS
86;100;86-100;DATA;MBK
101;104;101-104;DATA;GRINCH
105;116;105-116;DATA;XFMR4051
117;118;117-118;DATA;F35_ISRAEL
119;123;119-123;DATA;HELICO_H145
124;130;124-130;DATA;LEOPARD
131;135;131-135;DATA;JEAN_ABL
136;138;136-138;DATA;RAFALE
139;141;139-141;DATA;A400M
142;148;142-148;DATA;MMONROE
149;154;149-154;DATA;LUCKY_LUKE
200;200;200;PROG;
